Metric,Traditional,EADS
Energy (J),507.3355,507.17299999999994
Latency (ms),301.5355,301.4355
CPU Utilization (%),62.784183207137794,79.00687501494089
Throughput (req/sec),5.2782168937275245,6.267979875676899
